scenario_type,seed,infeasible,comp_A,eta_A,comp_A2,eta_A2,comp_B,eta_B,comp_S,eta_S,fail_reason_S
mixed,200,0,0.0,,1.0,64.1870289113825,1.0,52.72549970681466,1.0,60.20004503944977,
mixed,201,0,0.0,,1.0,7.369207001972082,1.0,2.5251028815928933,1.0,5.85976969185136,
mixed,202,0,0.0,,0.0,,1.0,145.63207360015628,0.0,,Planner chose route that failed dynamically
mixed,203,0,1.0,95.38309557199275,1.0,95.38309557199275,1.0,73.04316193157064,1.0,95.80471250055461,
mixed,204,0,0.0,,0.0,,1.0,2.1293442826430904,1.0,3.513920178116959,
mixed,205,0,0.0,,0.0,,1.0,2.688423509231742,1.0,3.2983499505718,
mixed,206,0,1.0,120.35099493364912,1.0,120.35099493364912,1.0,1.9802690953394924,1.0,125.48195012595201,
mixed,207,0,0.0,,0.0,,1.0,4.351430290662228,0.0,,Planner chose route that failed dynamically
mixed,208,0,0.0,,1.0,22.120213032246152,1.0,3.9524776904127594,1.0,3.9524776904127594,
mixed,209,0,1.0,2.458420567289889,1.0,2.458420567289889,1.0,1.8280781224530895,1.0,2.59275120468553,
mixed,210,0,0.0,,0.0,,1.0,394.8426216074789,0.0,,Planner chose route that failed dynamically
mixed,211,0,1.0,57.12399823103165,1.0,57.12399823103165,1.0,4.165295026986901,1.0,4.154332233466333,
mixed,212,0,0.0,,0.0,,1.0,3.5300883836970574,1.0,3.5300883836970574,
mixed,213,0,1.0,56.77514191627795,1.0,56.77514191627795,1.0,2.5916546681607993,1.0,56.77514191627795,
mixed,214,0,0.0,,0.0,,1.0,90.99170558415965,0.0,,Planner chose route that failed dynamically
mixed,215,0,1.0,3.5742341015766437,1.0,3.5742341015766437,1.0,2.3679298804365496,1.0,3.5742341015766437,
mixed,216,0,1.0,10.283669055376427,1.0,10.283669055376427,1.0,3.3085536755573415,0.0,,Planner chose route that failed dynamically
mixed,217,0,0.0,,0.0,,1.0,2.138039335056797,1.0,3.1893903908779153,
mixed,218,0,1.0,22.873821366347038,1.0,22.873821366347038,1.0,20.29574872116634,1.0,22.633486013920088,
mixed,219,0,0.0,,0.0,,1.0,458.59509687649,0.0,,Planner chose route that failed dynamically
mixed,220,0,1.0,24.506394907434657,1.0,24.506394907434657,1.0,1.8246501441532104,1.0,25.180927782974777,
mixed,221,0,0.0,,0.0,,0.0,,0.0,,Planner chose route that failed dynamically
mixed,222,0,0.0,,0.0,,1.0,1264.4404753086264,0.0,,Planner chose route that failed dynamically
mixed,223,0,1.0,2.8483985573683053,1.0,2.8483985573683053,1.0,2.2202513638217303,1.0,2.8483985573683053,
mixed,224,0,0.0,,0.0,,0.0,,0.0,,Planner chose route that failed dynamically
mixed,225,0,0.0,,0.0,,0.0,,0.0,,Planner chose route that failed dynamically
mixed,226,0,1.0,1733.322540825332,1.0,1733.322540825332,1.0,19.237207361913487,0.0,,Planner chose route that failed dynamically
mixed,227,0,1.0,85.60752587084784,1.0,85.60752587084784,1.0,2.4867754855499915,1.0,79.05035033835952,
mixed,228,0,1.0,2.825400808727713,1.0,2.825400808727713,1.0,2.0835056092767954,1.0,2.9317183118795622,
mixed,229,0,0.0,,0.0,,1.0,61.187916366649354,0.0,,Planner chose route that failed dynamically
mixed,230,0,0.0,,0.0,,1.0,5.861858259318753,0.0,,Planner chose route that failed dynamically
mixed,231,0,1.0,48.876849933741184,1.0,48.876849933741184,1.0,2.280328117288666,1.0,3.2450285912736785,
mixed,232,0,0.0,,0.0,,1.0,261.87897767539164,0.0,,Planner chose route that failed dynamically
mixed,233,0,1.0,4.441431598860533,1.0,4.441431598860533,1.0,3.5687387055836433,1.0,4.441431598860533,
mixed,234,0,0.0,,0.0,,1.0,2.615894984437848,0.0,,Planner chose route that failed dynamically
mixed,235,0,0.0,,1.0,43.16919367236927,1.0,34.42983582772441,0.0,,Planner chose route that failed dynamically
mixed,236,0,0.0,,0.0,,1.0,446.2625727923988,0.0,,Planner chose route that failed dynamically
mixed,237,0,0.0,,0.0,,1.0,10.704268977964691,0.0,,Planner chose route that failed dynamically
mixed,238,0,0.0,,0.0,,1.0,197.51751482969897,0.0,,Planner chose route that failed dynamically
mixed,239,0,1.0,10.90300129471649,1.0,10.90300129471649,1.0,2.2659413622013695,1.0,2.514308419239598,
mixed,240,0,1.0,2.2666067348751016,1.0,2.2666067348751016,1.0,1.4721315704722886,1.0,8.559012573205614,
mixed,241,0,0.0,,0.0,,1.0,401.9727412928915,0.0,,Planner chose route that failed dynamically
mixed,242,0,1.0,4.546806842626661,1.0,4.546806842626661,1.0,2.3736317955227992,1.0,2.3736317955227992,
mixed,243,0,0.0,,0.0,,1.0,2.8289040901549916,0.0,,Planner chose route that failed dynamically
mixed,244,0,1.0,3.252105046400014,1.0,3.252105046400014,1.0,2.5664239224528274,1.0,3.308261699444224,
mixed,245,0,1.0,2.8757133258864607,1.0,2.8757133258864607,1.0,2.2524149299304628,1.0,2.8757133258864607,
mixed,246,0,1.0,60.956082220370455,1.0,60.956082220370455,1.0,2.8636374039068877,1.0,5.314536651108271,
mixed,247,0,0.0,,1.0,7.572233443866076,1.0,7.168164157963717,1.0,7.594375982346302,
mixed,248,0,1.0,2.4854898385337014,1.0,2.4854898385337014,1.0,1.7422361478728505,1.0,2.218866059658074,
mixed,249,1,,,,,,,,,
accident,200,0,1.0,3.7397857018659963,1.0,3.7397857018659963,1.0,3.08754028697495,1.0,3.7397857018659963,
accident,201,0,1.0,2.643810254821943,1.0,2.643810254821943,1.0,2.2544946164472983,1.0,2.643810254821943,
accident,202,0,1.0,8.418388270188748,1.0,8.418388270188748,1.0,7.158629969906883,1.0,8.401479442291697,
accident,203,0,1.0,4.399326374701024,1.0,4.399326374701024,1.0,1.9336485154688294,1.0,3.0618247981255617,
accident,204,0,1.0,2.8835348565548222,1.0,2.8835348565548222,1.0,2.0739818886160903,1.0,3.0081555721044184,
accident,205,0,1.0,7.173401866770181,1.0,7.173401866770181,1.0,2.6593535341057066,1.0,4.690232816380853,
accident,206,0,1.0,4.330487669459979,1.0,4.330487669459979,1.0,2.892824936351089,1.0,3.128496979151713,
accident,207,0,1.0,2.9201509685985556,1.0,2.9201509685985556,1.0,2.460779910679409,1.0,2.460779910679409,
accident,208,0,1.0,2.6043792997430564,1.0,2.6043792997430564,1.0,1.7658734870947026,1.0,2.7426372434007757,
accident,209,0,1.0,3.4556022674015026,1.0,3.4556022674015026,1.0,2.62401675472501,1.0,3.4556022674015026,
accident,210,0,1.0,2.5987289272743674,1.0,2.5987289272743674,1.0,1.7127695203762268,1.0,2.6595719596588467,
accident,211,0,1.0,2.2980254685035586,1.0,2.2980254685035586,1.0,2.0104134316462985,1.0,2.2980254685035586,
accident,212,0,1.0,2.412434799811129,1.0,2.412434799811129,1.0,1.809858957229207,1.0,2.3059548573712974,
accident,213,0,1.0,3.121081403033171,1.0,3.121081403033171,1.0,2.5287540745636816,1.0,3.121081403033171,
accident,214,0,1.0,3.8597990651803338,1.0,3.8597990651803338,1.0,2.8735512452273553,1.0,3.8597990651803338,
accident,215,0,1.0,2.2706466115715083,1.0,2.2706466115715083,1.0,1.6927132132083804,1.0,2.1190499832710854,
accident,216,0,1.0,3.3852397032530717,1.0,3.3852397032530717,1.0,2.5333951888255415,1.0,3.3852397032530717,
accident,217,0,1.0,2.1876794231493837,1.0,2.1876794231493837,1.0,1.4094491239740892,1.0,2.812260835144043,
accident,218,0,1.0,2.6645589020765414,1.0,2.6645589020765414,1.0,1.9653616607112505,1.0,2.6645589020765414,
accident,219,0,1.0,2.8415834582747976,1.0,2.8415834582747976,1.0,2.1498831377135517,1.0,2.3756791038430523,
accident,220,0,1.0,7.17020935804905,1.0,7.17020935804905,1.0,6.536376524624493,1.0,7.17020935804905,
accident,221,0,1.0,3.8232975578958555,1.0,3.8232975578958555,1.0,3.320172957849123,1.0,4.009563736870709,
accident,222,0,1.0,3.5584280014943714,1.0,3.5584280014943714,1.0,2.7184697682276404,1.0,3.5584280014943714,
accident,223,0,1.0,3.3074031685320597,1.0,3.3074031685320597,1.0,2.707784523090992,1.0,3.3074031685320597,
accident,224,0,1.0,4.99857392340826,1.0,4.99857392340826,1.0,2.715924384676896,1.0,3.9404133119472045,
accident,225,0,1.0,2.6415993774167297,1.0,2.6415993774167297,1.0,1.998719461602484,1.0,2.6415993774167297,
accident,226,0,1.0,2.612939230162893,1.0,2.612939230162893,1.0,1.7392099301670023,1.0,2.612939230162893,
accident,227,0,1.0,3.030562225319172,1.0,3.030562225319172,1.0,2.2430066909305055,1.0,3.030562225319172,
accident,228,0,1.0,5.047713757134136,1.0,5.047713757134136,1.0,4.850001995145269,1.0,6.078848246072636,
accident,229,0,1.0,2.0932882395662684,1.0,2.0932882395662684,1.0,1.4313092503294675,1.0,1.7598863313791944,
accident,230,0,1.0,3.3032681129588224,1.0,3.3032681129588224,1.0,2.2967835225140263,1.0,3.1792610033146693,
accident,231,0,1.0,2.933278004147242,1.0,2.933278004147242,1.0,2.0243136776235633,1.0,2.0243136776235633,
accident,232,0,1.0,1.849222371906707,1.0,1.849222371906707,1.0,1.7038778023458931,1.0,2.114200855423259,
accident,233,0,1.0,2.3243155050203286,1.0,2.3243155050203286,1.0,1.7212158230158086,1.0,2.223131165308329,
accident,234,0,1.0,1.9477121123839762,1.0,1.9477121123839762,1.0,1.5129255880412757,1.0,1.9477121123839762,
accident,235,0,1.0,4.2119423182096325,1.0,4.2119423182096325,1.0,1.9060355528503299,1.0,2.8316670687531507,
accident,236,0,1.0,3.606518348814679,1.0,3.606518348814679,1.0,2.369580364975483,1.0,2.369580364975483,
accident,237,0,1.0,2.6648381676124537,1.0,2.6648381676124537,1.0,2.29686396586588,1.0,2.6648381676124537,
accident,238,0,1.0,7.797873167990199,1.0,7.797873167990199,1.0,7.810705374067919,1.0,7.797873167990199,
accident,239,0,1.0,3.6949108441564595,1.0,3.6949108441564595,1.0,2.857766425836641,1.0,3.2919859488490326,
accident,240,0,1.0,3.875670551167431,1.0,3.875670551167431,1.0,2.432975214499008,1.0,3.875670551167431,
accident,241,0,1.0,3.681856016951959,1.0,3.681856016951959,1.0,1.964364556710343,1.0,2.951773333347171,
accident,242,0,1.0,3.31795587614901,1.0,3.31795587614901,1.0,1.9612807650604476,1.0,3.1143885862921317,
accident,243,0,1.0,3.3324318164949465,1.0,3.3324318164949465,1.0,2.2656144054218283,1.0,3.5505495963105527,
accident,244,0,1.0,3.8271606651459225,1.0,3.8271606651459225,1.0,3.021587895932861,1.0,3.7427166237900633,
accident,245,0,1.0,3.318109612687354,1.0,3.318109612687354,1.0,2.2254036297071593,1.0,3.357037256223376,
accident,246,0,1.0,2.841263801761634,1.0,2.841263801761634,1.0,2.0235247958682874,1.0,2.9184860318430075,
accident,247,0,1.0,3.277180298698913,1.0,3.277180298698913,1.0,2.493480906098866,1.0,3.4444462732806302,
accident,248,0,1.0,4.82113125014366,1.0,4.82113125014366,1.0,2.7406547077154837,1.0,3.7924638795176837,
accident,249,0,1.0,3.1159953531985183,1.0,3.1159953531985183,1.0,2.0175082186836324,1.0,3.1622530006146574,
hazard,200,0,0.0,,0.0,,0.0,,0.0,,Planner chose route that failed dynamically
hazard,201,0,1.0,68.95038760897619,1.0,68.95038760897619,1.0,68.5043442628835,0.0,,Planner chose route that failed dynamically
hazard,202,0,1.0,3.264825684733887,1.0,3.264825684733887,1.0,2.8408323110289775,1.0,3.6366895362244396,
hazard,203,0,1.0,73.09653439688344,1.0,73.09653439688344,1.0,69.76638638887515,1.0,73.09653439688344,
hazard,204,0,0.0,,0.0,,0.0,,0.0,,Planner chose route that failed dynamically
hazard,205,0,1.0,1.9223002677546746,1.0,1.9223002677546746,1.0,1.3694906392956219,1.0,2.7870802443869334,
hazard,206,0,1.0,2.3964405711003716,1.0,2.3964405711003716,1.0,2.084072375814856,1.0,2.3964405711003716,
hazard,207,0,1.0,3.1577868867697005,1.0,3.1577868867697005,1.0,2.1229622912232977,1.0,2.554161430320232,
hazard,208,0,0.0,,1.0,6.769325060978849,1.0,3.725646700544938,1.0,3.9313337403561452,
hazard,209,0,0.0,,0.0,,1.0,9.974348867946462,0.0,,Planner chose route that failed dynamically
hazard,210,0,1.0,869.0830940821635,1.0,869.0830940821635,1.0,6.396546441389745,0.0,,Planner chose route that failed dynamically
hazard,211,0,1.0,2.400491728433012,1.0,2.400491728433012,1.0,1.67817113110689,1.0,2.0799692652434763,
hazard,212,0,1.0,2.1000409493630774,1.0,2.1000409493630774,1.0,1.4202114310992207,1.0,2.609492088699741,
hazard,213,0,0.0,,0.0,,1.0,4.572473261907969,0.0,,Planner chose route that failed dynamically
hazard,214,0,0.0,,1.0,38.12123760635507,1.0,2.1523272465750107,1.0,12.06901887406094,
hazard,215,0,1.0,3.0109927771081777,1.0,3.0109927771081777,1.0,2.157347469067783,1.0,3.5789289839733898,
hazard,216,0,1.0,2.5637035086242275,1.0,2.5637035086242275,1.0,1.8333475996949038,1.0,2.4581940026077933,
hazard,217,0,1.0,3.343324569791993,1.0,3.343324569791993,1.0,2.290179116112958,1.0,3.4756259131592495,
hazard,218,0,0.0,,0.0,,1.0,6.728289355540734,1.0,6.2136352217615505,
hazard,219,0,0.0,,0.0,,1.0,6.504451597526128,1.0,8.232485566391079,
hazard,220,0,1.0,1.8423159703675667,1.0,1.8423159703675667,1.0,1.331618733067355,1.0,1.8423159703675667,
hazard,221,0,1.0,2.059864772736765,1.0,2.059864772736765,1.0,1.4303118010145188,0.0,,Planner chose route that failed dynamically
hazard,222,0,0.0,,0.0,,1.0,2.4005181749854585,0.0,,Planner chose route that failed dynamically
hazard,223,0,0.0,,0.0,,1.0,2.7423802797769508,0.0,,Planner chose route that failed dynamically
hazard,224,0,0.0,,0.0,,1.0,7.819321396617524,0.0,,Planner chose route that failed dynamically
hazard,225,1,,,,,,,,,
hazard,226,0,0.0,,1.0,265.402138067895,1.0,2.041839707597412,1.0,3.1119613285517027,
hazard,227,0,0.0,,0.0,,1.0,2.5130908639061276,1.0,3.3097794347277434,
hazard,228,0,1.0,17.097517740233805,1.0,17.097517740233805,1.0,16.45898958049157,1.0,17.097517740233805,
hazard,229,0,0.0,,0.0,,1.0,621.242400705312,0.0,,Planner chose route that failed dynamically
hazard,230,0,1.0,1.5507879094187824,1.0,1.5507879094187824,1.0,1.8621858719061797,1.0,2.0107874973292104,
hazard,231,0,1.0,37.44572229654147,1.0,37.44572229654147,1.0,2.293271062100887,1.0,3.623512173021122,
hazard,232,0,0.0,,0.0,,1.0,2.9167529095655524,1.0,3.8023811198406863,
hazard,233,0,0.0,,0.0,,1.0,2.5070713353530425,1.0,3.85001425006673,
hazard,234,0,0.0,,0.0,,1.0,154.22701012698457,0.0,,Planner chose route that failed dynamically
hazard,235,0,1.0,225.8801122648648,1.0,225.8801122648648,1.0,2.3384126270062806,0.0,,Planner chose route that failed dynamically
hazard,236,0,1.0,3.0357779511349503,1.0,3.0357779511349503,1.0,2.3833965774441928,1.0,2.906884367171395,
hazard,237,0,1.0,111.97818167692547,1.0,111.97818167692547,0.0,,0.0,,Planner chose route that failed dynamically
hazard,238,0,0.0,,0.0,,1.0,4.362778317525791,1.0,4.225446319073675,
hazard,239,0,1.0,12.295563936391373,1.0,12.295563936391373,1.0,2.796522853996962,0.0,,Planner chose route that failed dynamically
hazard,240,0,0.0,,0.0,,1.0,4.204595955815657,0.0,,Planner chose route that failed dynamically
hazard,241,0,0.0,,0.0,,1.0,4.176197116635393,0.0,,Planner chose route that failed dynamically
hazard,242,0,0.0,,0.0,,0.0,,0.0,,Planner chose route that failed dynamically
hazard,243,0,0.0,,0.0,,1.0,4.39842250295253,1.0,242.3965644553959,
hazard,244,0,0.0,,0.0,,1.0,3.289041189992013,0.0,,Planner chose route that failed dynamically
hazard,245,0,0.0,,0.0,,1.0,2.2372504888435407,0.0,,Planner chose route that failed dynamically
hazard,246,0,0.0,,0.0,,1.0,2.6515003829554336,1.0,11.012332357142661,
hazard,247,0,0.0,,0.0,,1.0,23.89073548066756,0.0,,Planner chose route that failed dynamically
hazard,248,0,0.0,,0.0,,1.0,4.253816542202339,1.0,5.054902694619548,
hazard,249,0,0.0,,1.0,132.3148310750229,1.0,2.188788500362842,1.0,134.68243222090007,
closure,200,0,0.0,,1.0,4.561056936451873,1.0,2.8556034028660466,1.0,4.561056936451873,
closure,201,0,1.0,3.7000694459903523,1.0,3.7000694459903523,1.0,3.283113576759655,1.0,3.8182154088263105,
closure,202,0,1.0,3.335173281635238,1.0,3.335173281635238,1.0,2.6880262524743785,1.0,3.335173281635238,
closure,203,0,1.0,3.5551961805432213,1.0,3.5551961805432213,1.0,2.512763866460482,1.0,3.5551961805432213,
closure,204,0,1.0,2.2916546133789546,1.0,2.2916546133789546,1.0,1.3764684900575435,1.0,2.44214645856347,
closure,205,0,1.0,4.250449898896215,1.0,4.250449898896215,1.0,2.7783744814934344,1.0,3.282398142824095,
closure,206,0,1.0,3.1235453137781453,1.0,3.1235453137781453,1.0,2.1054725851453284,1.0,2.139610454437915,
closure,207,0,1.0,3.096388596237846,1.0,3.096388596237846,1.0,2.240628668818796,1.0,3.141404830081932,
closure,208,0,1.0,2.378110880712711,1.0,2.378110880712711,1.0,1.62757405012318,1.0,2.6380057457837665,
closure,209,0,1.0,4.496260949839106,1.0,4.496260949839106,1.0,2.981082847060627,1.0,4.926316761318465,
closure,210,0,1.0,2.7686711164323525,1.0,2.7686711164323525,1.0,1.7703563801457165,1.0,2.723687890977777,
closure,211,0,1.0,2.874310722318376,1.0,2.874310722318376,1.0,2.2683186531413093,1.0,2.874310722318376,
closure,212,0,0.0,,1.0,3.465604071455104,1.0,2.0860561580531685,1.0,2.8931892404448663,
closure,213,0,1.0,3.2546875613574304,1.0,3.2546875613574304,1.0,2.3331504259263647,1.0,3.2546875613574304,
closure,214,0,1.0,3.3862520931941873,1.0,3.3862520931941873,1.0,2.8320004681427773,1.0,3.3862520931941873,
closure,215,0,1.0,3.439910848378411,1.0,3.439910848378411,1.0,2.9283568125300494,1.0,3.439910848378411,
closure,216,0,1.0,1.907334910675416,1.0,1.907334910675416,1.0,1.9223459117276538,1.0,2.0332942749297556,
closure,217,0,1.0,3.1761349166700388,1.0,3.1761349166700388,1.0,2.1545510977418254,1.0,3.5809412921797072,
closure,218,0,1.0,3.6667169269248094,1.0,3.6667169269248094,1.0,2.4476967142862365,1.0,3.8450948415913917,
closure,219,0,1.0,3.472690579536473,1.0,3.472690579536473,1.0,2.3238164771717416,1.0,3.667970355760991,
closure,220,0,0.0,,1.0,3.789861214832607,1.0,2.6969571712618854,1.0,3.789861214832607,
closure,221,0,1.0,3.070583290600294,1.0,3.070583290600294,1.0,1.851558959227647,1.0,3.8246117935069734,
closure,222,0,1.0,3.2785103609657584,1.0,3.2785103609657584,1.0,2.2043645132841245,1.0,2.2050034784024017,
closure,223,0,1.0,2.312709219143356,1.0,2.312709219143356,1.0,1.515332639965862,1.0,2.408994957209471,
closure,224,0,1.0,2.111088630127037,1.0,2.111088630127037,1.0,1.4408790436535994,1.0,2.4261246107226384,
closure,225,0,1.0,2.51683757671814,1.0,2.51683757671814,1.0,1.9961717305739162,1.0,2.2641390987126115,
closure,226,0,1.0,3.509938550938025,1.0,3.509938550938025,1.0,3.2428999543325574,1.0,4.120321487879364,
closure,227,0,1.0,1.901439576173233,1.0,1.901439576173233,1.0,1.3296626886563299,1.0,1.901439576173233,
closure,228,0,1.0,2.908910580531771,1.0,2.908910580531771,1.0,2.0299997473411726,1.0,2.3061681182110023,
closure,229,0,0.0,,1.0,4.3515726005268,1.0,2.234464023184399,1.0,3.180016692908112,
closure,230,0,1.0,3.9404424026650995,1.0,3.9404424026650995,1.0,2.627454700923836,1.0,4.028440555720667,
closure,231,0,1.0,2.831610672190494,1.0,2.831610672190494,1.0,2.1969654452284235,1.0,2.8311474698504893,
closure,232,0,1.0,3.920773828839088,1.0,3.920773828839088,1.0,2.713447095527256,1.0,3.920773828839088,
closure,233,0,1.0,3.396956285787415,1.0,3.396956285787415,1.0,1.8436070336893702,1.0,2.6570880291697785,
closure,234,0,1.0,3.317714525759288,1.0,3.317714525759288,1.0,2.5516056235514726,1.0,3.317714525759288,
closure,235,0,1.0,2.707493865374717,1.0,2.707493865374717,1.0,2.093668048449861,1.0,2.707493865374717,
closure,236,0,1.0,3.3215026514845714,1.0,3.3215026514845714,1.0,2.349370173066411,1.0,3.3215026514845714,
closure,237,0,1.0,3.2073759850590595,1.0,3.2073759850590595,1.0,2.1115845857089344,1.0,2.7454295733405485,
closure,238,0,1.0,3.6969704926179063,1.0,3.6969704926179063,1.0,3.1337578139289897,1.0,4.5873568038636305,
closure,239,0,1.0,2.852213695781326,1.0,2.852213695781326,1.0,1.9115188451970868,1.0,2.799888245179142,
closure,240,0,1.0,3.650206892994618,1.0,3.650206892994618,1.0,1.8814856286553219,1.0,4.082826961368765,
closure,241,0,1.0,2.735885660457328,1.0,2.735885660457328,1.0,2.044872537314645,1.0,2.1700362901121806,
closure,242,0,1.0,2.9125602542839237,1.0,2.9125602542839237,1.0,2.1256745025512185,1.0,3.2408029536490925,
closure,243,0,1.0,2.177231856249398,1.0,2.177231856249398,1.0,1.4409535547292238,1.0,2.843730414913488,
closure,244,0,1.0,3.293895957478179,1.0,3.293895957478179,1.0,2.4468428611181854,1.0,3.3407346767916453,
closure,245,0,0.0,,1.0,8.63360354881786,1.0,7.892559765330019,1.0,8.483605171268596,
closure,246,0,1.0,3.0381392834113394,1.0,3.0381392834113394,1.0,2.196003249915321,1.0,2.868038627668904,
closure,247,0,1.0,2.785021626977619,1.0,2.785021626977619,1.0,2.3737236713345746,1.0,2.785021626977619,
closure,248,0,1.0,3.999848986218922,1.0,3.999848986218922,1.0,2.9018995106515093,1.0,3.999848986218922,
closure,249,0,1.0,3.3169146548117774,1.0,3.3169146548117774,1.0,2.3603697140423416,1.0,3.28624247053919,
