scenario_type,delay,dropout,seed,infeasible,comp_B,eta_B,comp_S,eta_S
accident,0,0.0,250,0,1,2.1752774898136362,1,3.1882958375136474
accident,0,0.0,251,0,1,1.7214040794934307,1,1.7214040794934307
accident,0,0.0,252,0,1,1.465329484354842,1,2.131117954586639
accident,0,0.0,253,0,1,2.1566749699828494,1,2.3323117573354666
accident,0,0.0,254,0,1,2.9414074572418305,1,3.803440213108731
accident,0,0.0,255,0,1,3.266181606151279,1,3.5953015202943392
accident,0,0.0,256,0,1,1.7761873357903326,1,2.6574959783471885
accident,0,0.0,257,0,1,2.116228462584838,1,2.446211334681265
accident,0,0.0,258,0,1,2.642389490269672,1,3.2660746456415284
accident,0,0.0,259,0,1,2.2271983854625357,1,2.2271983854625357
accident,0,0.0,260,0,1,8.967634072515295,1,11.234362613457623
accident,0,0.0,261,0,1,2.896060180865061,1,4.297343751137333
accident,0,0.0,262,0,1,2.0291817765477926,1,2.9038827408861367
accident,0,0.0,263,0,1,2.181812506748409,1,3.006865268457795
accident,0,0.0,264,0,1,3.281900543402364,1,4.546313559153581
accident,0,0.0,265,0,1,1.7354265829216495,1,1.720975084953254
accident,0,0.0,266,0,1,2.349974447010077,1,3.3026343100419497
accident,0,0.0,267,0,1,2.6280171371397585,1,4.519187785083669
accident,0,0.0,268,0,1,3.198577338197894,1,4.478415629517956
accident,0,0.0,269,0,1,2.510042399672918,1,3.5099317069916762
accident,0,0.0,270,0,1,3.163420325222568,1,4.079602879941334
accident,0,0.0,271,0,1,2.9053153344307208,1,5.235856317293807
accident,0,0.0,272,0,1,2.1607790946423266,1,2.8725137955109346
accident,0,0.0,273,0,1,2.9361507634080635,1,12.006293916348982
accident,0,0.0,274,0,1,2.7491906665659704,1,3.694859110598523
accident,0,0.0,275,0,1,2.286885360168618,1,3.7780614573826417
accident,0,0.0,276,0,1,2.5578256241132635,1,3.5548061348578366
accident,0,0.0,277,0,1,2.113117791060614,1,3.2451458303037066
accident,0,0.0,278,0,1,2.7282783571569107,1,3.88666807864449
accident,0,0.0,279,0,1,1.7481099632062056,1,2.209575727831932
accident,0,0.0,280,0,1,1.5008833076690435,1,2.576766983967602
accident,0,0.0,281,0,1,2.152564436458597,1,3.22328685175513
accident,0,0.0,282,0,1,3.2422533181417363,1,3.101702480491148
accident,0,0.0,283,0,1,2.6979356900420077,1,3.418095361217085
accident,0,0.0,284,0,1,1.9783130180823725,1,2.4677431524210713
accident,0,0.0,285,0,1,2.6580337596222843,1,5.487250509918535
accident,0,0.0,286,0,1,3.67169023533076,1,4.08957983401461
accident,0,0.0,287,0,1,2.213393556261036,1,3.0057987787471268
accident,0,0.0,288,0,1,2.310582232392639,1,2.4756292718113784
accident,0,0.0,289,0,1,1.4734868750615078,1,1.4734868750615078
accident,0,0.0,290,0,1,1.7595013010200196,1,1.610490375700176
accident,0,0.0,291,0,1,2.7364544317860124,1,4.310618295636512
accident,0,0.0,292,0,1,2.957436277593049,1,3.695356971846482
accident,0,0.0,293,0,1,2.8707432441336134,1,3.626122209753686
accident,0,0.0,294,0,1,2.236824167431949,1,2.8716534090188293
accident,0,0.0,295,0,1,3.2438951525893693,1,3.2438951525893693
accident,0,0.0,296,0,1,3.111088877025486,1,4.5397194075410106
accident,0,0.0,297,0,1,1.8238880623293603,1,2.594562139385609
accident,0,0.0,298,0,1,2.5514533056270845,1,3.8632167366899424
accident,0,0.0,299,0,1,2.1691544989997618,1,2.7860405670670363
accident,60,0.2,250,0,1,2.1752774898136362,1,3.1882958375136474
accident,60,0.2,251,0,1,1.7214040794934307,1,1.7214040794934307
accident,60,0.2,252,0,1,1.465329484354842,1,2.131117954586639
accident,60,0.2,253,0,1,2.1566749699828494,1,2.3323117573354666
accident,60,0.2,254,0,1,2.9414074572418305,1,3.803440213108731
accident,60,0.2,255,0,1,3.266181606151279,1,3.5953015202943392
accident,60,0.2,256,0,1,1.7761873357903326,1,2.6574959783471885
accident,60,0.2,257,0,1,2.158087575053247,1,2.446211334681265
accident,60,0.2,258,0,1,2.642389490269672,1,3.2660746456415284
accident,60,0.2,259,0,1,2.2271983854625357,1,2.2271983854625357
accident,60,0.2,260,0,1,8.643590204950957,1,11.234362613457623
accident,60,0.2,261,0,1,2.896060180865061,1,4.297343751137333
accident,60,0.2,262,0,1,2.0291817765477926,1,2.9038827408861367
accident,60,0.2,263,0,1,2.181812506748409,1,3.006865268457795
accident,60,0.2,264,0,1,3.281900543402364,1,4.546313559153581
accident,60,0.2,265,0,1,1.720975084953254,1,1.720975084953254
accident,60,0.2,266,0,1,2.349974447010077,1,3.3026343100419497
accident,60,0.2,267,0,1,2.6280171371397585,1,4.519187785083669
accident,60,0.2,268,0,1,3.198577338197894,1,4.478415629517956
accident,60,0.2,269,0,1,2.510042399672918,1,3.5099317069916762
accident,60,0.2,270,0,1,3.163420325222568,1,4.079602879941334
accident,60,0.2,271,0,1,2.9053153344307208,1,5.365393106330473
accident,60,0.2,272,0,1,2.1607790946423266,1,2.8725137955109346
accident,60,0.2,273,0,1,2.9361507634080635,1,12.006293916348982
accident,60,0.2,274,0,1,2.7491906665659704,1,3.694859110598523
accident,60,0.2,275,0,1,2.286885360168618,1,3.7780614573826417
accident,60,0.2,276,0,1,2.5578256241132635,1,3.5548061348578366
accident,60,0.2,277,0,1,2.113117791060614,1,3.2451458303037066
accident,60,0.2,278,0,1,2.8967043612777994,1,3.88666807864449
accident,60,0.2,279,0,1,1.7481099632062056,1,2.209575727831932
accident,60,0.2,280,0,1,1.5008833076690435,1,2.576766983967602
accident,60,0.2,281,0,1,2.5297242780323965,1,3.22328685175513
accident,60,0.2,282,0,1,3.2422533181417363,1,3.101702480491148
accident,60,0.2,283,0,1,2.6979356900420077,1,3.418095361217085
accident,60,0.2,284,0,1,1.9783130180823725,1,2.4677431524210713
accident,60,0.2,285,0,1,2.6580337596222843,1,5.487250509918535
accident,60,0.2,286,0,1,3.67169023533076,1,4.08957983401461
accident,60,0.2,287,0,1,2.213393556261036,1,3.0057987787471268
accident,60,0.2,288,0,1,2.1085985221735504,1,2.4756292718113784
accident,60,0.2,289,0,1,1.4734868750615078,1,1.4734868750615078
accident,60,0.2,290,0,1,1.9184613941283335,1,1.610490375700176
accident,60,0.2,291,0,1,2.950515890632279,1,4.310618295636512
accident,60,0.2,292,0,1,2.957436277593049,1,3.695356971846482
accident,60,0.2,293,0,1,2.8707432441336134,1,3.626122209753686
accident,60,0.2,294,0,1,2.236824167431949,1,2.8716534090188293
accident,60,0.2,295,0,1,3.2438951525893693,1,3.2438951525893693
accident,60,0.2,296,0,1,3.3647011381795084,1,4.5397194075410106
accident,60,0.2,297,0,1,1.8238880623293603,1,2.594562139385609
accident,60,0.2,298,0,1,2.5514533056270845,1,3.8632167366899424
accident,60,0.2,299,0,1,2.2325042971064777,1,2.7860405670670363
closure,0,0.0,250,0,1,2.5921837784475783,1,3.9164857684566936
closure,0,0.0,251,0,1,2.4094685448684463,1,3.275828796717041
closure,0,0.0,252,0,1,2.3977883140593876,1,8.48831654622008
closure,0,0.0,253,0,1,1.7324690872912916,1,2.336395289965363
closure,0,0.0,254,0,1,2.8749131002994965,1,3.1908042486690147
closure,0,0.0,255,0,1,1.4032378488104749,1,1.8917488428176195
closure,0,0.0,256,0,1,2.516254188709093,1,3.412428093558343
closure,0,0.0,257,0,1,1.9239825212939654,1,2.530516391368111
closure,0,0.0,258,0,1,2.655660030977224,1,4.305563111764163
closure,0,0.0,259,0,1,2.692644159214111,1,3.496111224856177
closure,0,0.0,260,0,1,1.7127695203762268,1,2.600799937571184
closure,0,0.0,261,0,1,2.489731520309585,1,5.404949503890052
closure,0,0.0,262,0,1,2.648317341073576,1,3.941836288413446
closure,0,0.0,263,0,1,3.1286355204199725,1,3.9190871928374165
closure,0,0.0,264,0,1,2.6350227644201243,1,3.29212026669015
closure,0,0.0,265,0,1,3.6021112159874784,1,4.150351584540015
closure,0,0.0,266,0,1,3.4893443646497277,1,3.690658999394131
closure,0,0.0,267,0,1,2.5357011886617267,1,3.21848135276942
closure,0,0.0,268,0,1,2.3386022289080532,1,2.983933126975856
closure,0,0.0,269,0,1,1.9858972361631877,1,1.6596328881842017
closure,0,0.0,270,0,1,3.0451378494437287,1,3.0451378494437287
closure,0,0.0,271,0,1,2.802765343646181,1,3.575515199781711
closure,0,0.0,272,0,1,3.1219907779292537,1,3.6644255735689426
closure,0,0.0,273,0,1,1.9756525978389659,1,1.7624660869428055
closure,0,0.0,274,0,1,2.274410179489112,1,3.1452581802679407
closure,0,0.0,275,0,1,2.8983781198276666,1,4.170097084233335
closure,0,0.0,276,0,1,1.5422514337082711,1,2.1944670275125433
closure,0,0.0,277,0,1,2.8451363318004064,1,4.233941597962929
closure,0,0.0,278,0,1,1.7994304105577719,1,1.7994304105577719
closure,0,0.0,279,0,1,2.367057578959421,1,3.7052668050541304
closure,0,0.0,280,0,1,2.1523272465750107,1,3.1905630109691163
closure,0,0.0,281,0,1,2.2768318271640964,1,2.966742273985496
closure,0,0.0,282,0,1,3.658628864373937,1,4.702499176941829
closure,0,0.0,283,0,1,2.0675038034233855,1,3.0811158717403595
closure,0,0.0,284,0,1,1.778003190637316,1,2.7019305139099337
closure,0,0.0,285,0,1,2.2770679868704606,1,2.2770679868704606
closure,0,0.0,286,0,1,2.83912499322252,1,5.260746911948337
closure,0,0.0,287,0,1,1.4438837374966333,1,2.307336271374139
closure,0,0.0,288,0,1,2.3625122875793374,1,3.3819441651299087
closure,0,0.0,289,0,1,1.8854274002730809,1,1.8854274002730809
closure,0,0.0,290,0,1,2.5654848260964664,1,3.420355188834206
closure,0,0.0,291,0,1,2.4133545774489744,1,5.551605968323232
closure,0,0.0,292,0,1,2.549783665925624,1,3.6791903798168297
closure,0,0.0,293,0,1,2.045041442175539,1,2.8088600125322265
closure,0,0.0,294,0,1,1.3941739393069248,1,1.3941739393069248
closure,0,0.0,295,0,1,2.3521159296392393,1,3.505790231575422
closure,0,0.0,296,0,1,2.987967696126953,1,7.30644070788949
closure,0,0.0,297,0,1,2.822741818671756,1,2.9466203456509006
closure,0,0.0,298,0,1,2.543285531409165,1,3.9831343848019767
closure,0,0.0,299,0,1,2.3816415378731386,1,3.065260463003159
closure,60,0.2,250,0,1,2.5921837784475783,1,3.9164857684566936
closure,60,0.2,251,0,1,2.4094685448684463,1,3.275828796717041
closure,60,0.2,252,0,1,2.8197852262560743,1,8.48831654622008
closure,60,0.2,253,0,1,1.7324690872912916,1,2.336395289965363
closure,60,0.2,254,0,1,2.8749131002994965,1,3.1908042486690147
closure,60,0.2,255,0,1,1.4032378488104749,1,1.8917488428176195
closure,60,0.2,256,0,1,2.516254188709093,1,3.412428093558343
closure,60,0.2,257,0,1,1.9239825212939654,1,2.530516391368111
closure,60,0.2,258,0,1,2.884091477706336,1,4.305563111764163
closure,60,0.2,259,0,1,2.6305443431698756,1,3.496111224856177
closure,60,0.2,260,0,1,1.7127695203762268,1,2.600799937571184
closure,60,0.2,261,0,1,2.489731520309585,1,5.404949503890052
closure,60,0.2,262,0,1,2.648317341073576,1,3.941836288413446
closure,60,0.2,263,0,1,3.1286355204199725,1,3.9190871928374165
closure,60,0.2,264,0,1,2.6350227644201243,1,3.29212026669015
closure,60,0.2,265,0,1,3.6021112159874784,1,4.150351584540015
closure,60,0.2,266,0,1,3.4893443646497277,1,3.690658999394131
closure,60,0.2,267,0,1,2.5357011886617267,1,3.21848135276942
closure,60,0.2,268,0,1,2.3386022289080532,1,2.983933126975856
closure,60,0.2,269,0,1,1.6596328881842017,1,1.6596328881842017
closure,60,0.2,270,0,1,3.0451378494437287,1,3.0451378494437287
closure,60,0.2,271,0,1,2.802765343646181,1,3.575515199781711
closure,60,0.2,272,0,1,3.1219907779292537,1,3.6644255735689426
closure,60,0.2,273,0,1,1.9756525978389659,1,1.7624660869428055
closure,60,0.2,274,0,1,2.274410179489112,1,3.1452581802679407
closure,60,0.2,275,0,1,2.8983781198276666,1,4.170097084233335
closure,60,0.2,276,0,1,1.5422514337082711,1,2.1944670275125433
closure,60,0.2,277,0,1,2.904119350436048,1,4.233941597962929
closure,60,0.2,278,0,1,2.067940085605842,1,1.7994304105577719
closure,60,0.2,279,0,1,2.367057578959421,1,3.7052668050541304
closure,60,0.2,280,0,1,2.1523272465750107,1,3.1905630109691163
closure,60,0.2,281,0,1,2.2768318271640964,1,2.966742273985496
closure,60,0.2,282,0,1,3.658628864373937,1,4.702499176941829
closure,60,0.2,283,0,1,2.0675038034233855,1,3.0811158717403595
closure,60,0.2,284,0,1,1.778003190637316,1,2.7019305139099337
closure,60,0.2,285,0,1,2.2770679868704606,1,3.20270154917872
closure,60,0.2,286,0,1,2.83912499322252,1,5.260746911948337
closure,60,0.2,287,0,1,1.4438837374966333,1,2.307336271374139
closure,60,0.2,288,0,1,2.3625122875793374,1,3.3819441651299087
closure,60,0.2,289,0,1,1.8854274002730809,1,1.8854274002730809
closure,60,0.2,290,0,1,2.5654848260964664,1,3.420355188834206
closure,60,0.2,291,0,1,2.4133545774489744,1,5.551605968323232
closure,60,0.2,292,0,1,2.549783665925624,1,3.6791903798168297
closure,60,0.2,293,0,1,2.045041442175539,1,2.8088600125322265
closure,60,0.2,294,0,1,1.3941739393069248,1,2.3211938161466987
closure,60,0.2,295,0,1,2.3521159296392393,1,3.505790231575422
closure,60,0.2,296,0,1,2.987967696126953,1,7.30644070788949
closure,60,0.2,297,0,1,3.0225264416506428,1,3.0225264416506428
closure,60,0.2,298,0,1,2.543285531409165,1,3.9831343848019767
closure,60,0.2,299,0,1,2.3816415378731386,1,3.065260463003159
hazard,0,0.0,250,0,0,,0,
hazard,0,0.0,251,0,1,4.341412645238353,1,4.341412645238353
hazard,0,0.0,252,0,0,,1,8.556741659106368
hazard,0,0.0,253,0,1,294.4876023912048,0,
hazard,0,0.0,254,0,1,3.6801105015743576,0,
hazard,0,0.0,255,0,1,2.0932462864396886,1,67.0425014159355
hazard,0,0.0,256,0,1,4.47058624469116,0,
hazard,0,0.0,257,0,1,6.881212348041489,1,6.881212348041489
hazard,0,0.0,258,0,1,7.638941423143709,0,
hazard,0,0.0,259,0,1,2.6751060102607367,1,112.48275392184777
hazard,0,0.0,260,0,1,3.873231965012987,0,
hazard,0,0.0,261,0,1,2.1415792889225735,1,3.0164891110150784
hazard,0,0.0,262,0,1,1.920686250988298,1,2.2863870677842515
hazard,0,0.0,263,0,1,1.8745862122808263,1,2.459367662850259
hazard,0,0.0,264,0,1,2.3882628444622336,1,3.054845306983922
hazard,0,0.0,265,0,1,3.029158582451154,1,4.185832775685538
hazard,0,0.0,266,0,1,2.1523272465750107,1,6.674380902251767
hazard,0,0.0,267,0,1,2.0470989809934417,1,2.156899294637205
hazard,0,0.0,268,0,1,2.8165222554506575,0,
hazard,0,0.0,269,0,1,245.99982251211577,0,
hazard,0,0.0,270,0,1,4.698776266226444,1,12.018339827731799
hazard,0,0.0,271,0,1,1.995233703465334,1,2.497405577925073
hazard,0,0.0,272,0,1,61.13593311068316,1,61.13593311068316
hazard,0,0.0,273,0,1,2.345049091309616,1,35.48950085570793
hazard,0,0.0,274,0,1,2.072495992058488,1,2.6880983808280052
hazard,0,0.0,275,0,1,2.13608809044979,1,23.49987444383694
hazard,0,0.0,276,0,1,2.898351134118945,1,2.898351134118945
hazard,0,0.0,277,0,0,,0,
hazard,0,0.0,278,0,0,,0,
hazard,0,0.0,279,0,1,28.143578788938044,1,28.143578788938044
hazard,0,0.0,280,0,1,2.583133670647088,1,111.31547690087322
hazard,0,0.0,281,0,1,18.762669454073905,1,18.762669454073905
hazard,0,0.0,282,0,1,2.8352845047847826,1,2.8352845047847826
hazard,0,0.0,283,0,1,2.7612040354153056,1,2.91354680405341
hazard,0,0.0,284,0,1,5.002319783823209,0,
hazard,0,0.0,285,0,1,12.435990497112643,1,12.435990497112643
hazard,0,0.0,286,0,1,2.6946774535408005,0,
hazard,0,0.0,287,0,0,,0,
hazard,0,0.0,288,0,1,2.4156602884842164,1,5.252202617883712
hazard,0,0.0,289,0,1,2.1450979288267216,1,16.04868179509045
hazard,0,0.0,290,0,0,,0,
hazard,0,0.0,291,0,0,,0,
hazard,0,0.0,292,0,0,,0,
hazard,0,0.0,293,0,1,410.0144785667924,1,410.84328169578276
hazard,0,0.0,294,0,1,2.404430313178279,1,2.4050606925676994
hazard,0,0.0,295,0,1,2.1923866181906932,1,59.71658016000383
hazard,0,0.0,296,0,1,2.044582284398778,1,2.4658568302998
hazard,0,0.0,297,0,0,,0,
hazard,0,0.0,298,0,1,2.7853416666505764,0,
hazard,0,0.0,299,0,1,2.7458432105325885,1,2.7458432105325885
hazard,60,0.2,250,0,0,,0,
hazard,60,0.2,251,0,0,,0,
hazard,60,0.2,252,0,0,,1,8.556741659106368
hazard,60,0.2,253,0,0,,0,
hazard,60,0.2,254,0,0,,0,
hazard,60,0.2,255,0,1,2.0932462864396886,1,67.0425014159355
hazard,60,0.2,256,0,1,4.47058624469116,0,
hazard,60,0.2,257,0,1,7.123485824974159,1,7.123485824974159
hazard,60,0.2,258,0,1,7.952182618242569,0,
hazard,60,0.2,259,0,1,2.6751060102607367,1,112.48275392184777
hazard,60,0.2,260,0,1,3.873231965012987,0,
hazard,60,0.2,261,0,1,2.3603082884430915,1,3.0164891110150784
hazard,60,0.2,262,0,1,1.920686250988298,1,2.2863870677842515
hazard,60,0.2,263,0,1,1.8745862122808263,1,2.459367662850259
hazard,60,0.2,264,0,1,2.3882628444622336,1,3.054845306983922
hazard,60,0.2,265,0,1,2.8123581665066997,1,4.185832775685538
hazard,60,0.2,266,0,1,2.1523272465750107,1,6.674380902251767
hazard,60,0.2,267,0,1,2.156899294637205,1,2.156899294637205
hazard,60,0.2,268,0,1,2.8318003263862694,0,
hazard,60,0.2,269,0,1,247.52917505311476,0,
hazard,60,0.2,270,0,1,4.698776266226444,1,12.018339827731799
hazard,60,0.2,271,0,1,1.995233703465334,1,2.497405577925073
hazard,60,0.2,272,0,1,89.12807529188464,1,77.37042534986445
hazard,60,0.2,273,0,1,2.345049091309616,1,35.48950085570793
hazard,60,0.2,274,0,1,2.072495992058488,1,2.6880983808280052
hazard,60,0.2,275,0,1,2.13608809044979,1,23.49987444383694
hazard,60,0.2,276,0,1,3.2202994313641002,1,3.2202994313641002
hazard,60,0.2,277,0,0,,0,
hazard,60,0.2,278,0,0,,0,
hazard,60,0.2,279,0,1,28.143578788938044,1,28.143578788938044
hazard,60,0.2,280,0,1,2.583133670647088,1,111.31547690087322
hazard,60,0.2,281,0,1,2.859806661218884,1,2.859806661218884
hazard,60,0.2,282,0,1,2.8352845047847826,1,2.8352845047847826
hazard,60,0.2,283,0,1,2.91354680405341,1,2.91354680405341
hazard,60,0.2,284,0,1,5.15028816362745,0,
hazard,60,0.2,285,0,0,,0,
hazard,60,0.2,286,0,1,2.6946774535408005,0,
hazard,60,0.2,287,0,0,,0,
hazard,60,0.2,288,0,1,2.4156602884842164,1,5.252202617883712
hazard,60,0.2,289,0,1,2.1450979288267216,1,16.04868179509045
hazard,60,0.2,290,0,0,,0,
hazard,60,0.2,291,0,0,,0,
hazard,60,0.2,292,0,0,,0,
hazard,60,0.2,293,0,1,410.0144785667924,1,410.84328169578276
hazard,60,0.2,294,0,1,2.404430313178279,1,2.404430313178279
hazard,60,0.2,295,0,1,2.1923866181906932,1,59.71658016000383
hazard,60,0.2,296,0,1,2.044582284398778,1,2.4658568302998
hazard,60,0.2,297,0,0,,0,
hazard,60,0.2,298,0,1,2.7853416666505764,0,
hazard,60,0.2,299,0,1,2.7458432105325885,1,2.7458432105325885
mixed,0,0.0,250,0,1,1528.7293366286647,1,1528.7293366286647
mixed,0,0.0,251,0,1,2.380566054232481,1,3.075999062589004
mixed,0,0.0,252,0,0,,0,
mixed,0,0.0,253,0,1,1.851613171800694,1,1.851613171800694
mixed,0,0.0,254,0,0,,0,
mixed,0,0.0,255,0,1,2.5494489741968374,1,2.5494489741968374
mixed,0,0.0,256,0,1,6.246712737621263,0,
mixed,0,0.0,257,0,1,2.991665661215264,0,
mixed,0,0.0,258,0,0,,0,
mixed,0,0.0,259,0,1,3.3900513720999497,1,3.3900513720999497
mixed,0,0.0,260,0,1,13.092837588399053,1,13.092837588399053
mixed,0,0.0,261,0,1,3.35473793494225,0,
mixed,0,0.0,262,0,0,,0,
mixed,0,0.0,263,0,1,265.1373027068787,1,282.4038180817307
mixed,0,0.0,264,0,1,2.892098911515768,1,3.491835784806621
mixed,0,0.0,265,0,1,20.580344202382136,1,21.1742848034012
mixed,0,0.0,266,0,1,3.812577017575663,0,
mixed,0,0.0,267,0,1,2.7570203399710658,1,3.2725170432139503
mixed,0,0.0,268,0,1,2.8312443660489004,1,4.0495010269073655
mixed,0,0.0,269,0,1,3.2926743333500346,0,
mixed,0,0.0,270,0,1,2.429324989680976,1,35.63983834421442
mixed,0,0.0,271,0,1,2.064317553657311,1,2.4893731609123453
mixed,0,0.0,272,0,1,1.9960841439437185,1,2.879486832843689
mixed,0,0.0,273,0,1,1.689298383439914,1,5.522591332955183
mixed,0,0.0,274,0,1,3.253355950892808,0,
mixed,0,0.0,275,0,1,2.3555592558344207,1,28.191640800421705
mixed,0,0.0,276,0,0,,0,
mixed,0,0.0,277,0,1,2.270152567155672,0,
mixed,0,0.0,278,0,1,10.878456680778418,1,10.878456680778418
mixed,0,0.0,279,0,1,2.5457559773131395,1,2.5457559773131395
mixed,0,0.0,280,0,1,2.900291931973689,1,2.900291931973689
mixed,0,0.0,281,0,1,2.7461750527590643,1,3.5762114200883355
mixed,0,0.0,282,0,1,2.2490831547721695,0,
mixed,0,0.0,283,0,0,,0,
mixed,0,0.0,284,0,1,7.543407858299676,1,7.543407858299676
mixed,0,0.0,285,0,1,3.500583152435245,1,3.500583152435245
mixed,0,0.0,286,0,1,8.468523718404409,1,8.468523718404409
mixed,0,0.0,287,0,1,6.418243457151707,0,
mixed,0,0.0,288,0,0,,0,
mixed,0,0.0,289,0,1,2.70020003601587,1,2.70020003601587
mixed,0,0.0,290,0,1,1.933421864804827,1,3.9343008627816016
mixed,0,0.0,291,0,1,1.349405768374801,1,1.864179069100594
mixed,0,0.0,292,0,1,2.392418598198406,1,3.5554852536649353
mixed,0,0.0,293,0,1,1.7809380089862825,1,1.7485007907441412
mixed,0,0.0,294,0,0,,0,
mixed,0,0.0,295,0,1,2.814466581797602,1,3.3066477846309565
mixed,0,0.0,296,0,1,1.9960841439437185,1,2.9486886231216727
mixed,0,0.0,297,0,1,2.5010754636354084,1,2.5010754636354084
mixed,0,0.0,298,0,1,670.1634741272404,1,3504.1453634590853
mixed,0,0.0,299,0,1,2.824397577371839,1,2.824397577371839
mixed,60,0.2,250,0,1,1528.7293366286647,1,1528.7293366286647
mixed,60,0.2,251,0,1,2.380566054232481,1,3.075999062589004
mixed,60,0.2,252,0,0,,0,
mixed,60,0.2,253,0,1,1.851613171800694,1,1.851613171800694
mixed,60,0.2,254,0,0,,0,
mixed,60,0.2,255,0,0,,0,
mixed,60,0.2,256,0,1,6.083801388945159,0,
mixed,60,0.2,257,0,1,2.991665661215264,0,
mixed,60,0.2,258,0,0,,0,
mixed,60,0.2,259,0,1,3.3900513720999497,1,3.3900513720999497
mixed,60,0.2,260,0,1,131.6424502746323,1,131.6424502746323
mixed,60,0.2,261,0,1,3.35473793494225,0,
mixed,60,0.2,262,0,0,,1,89.02880083782553
mixed,60,0.2,263,0,1,265.1373027068787,1,312.4036827386414
mixed,60,0.2,264,0,1,2.892098911515768,1,3.491835784806621
mixed,60,0.2,265,0,1,20.580344202382136,1,21.1742848034012
mixed,60,0.2,266,0,1,3.812577017575663,0,
mixed,60,0.2,267,0,1,2.7570203399710658,1,3.2725170432139503
mixed,60,0.2,268,0,1,2.8312443660489004,1,4.0495010269073655
mixed,60,0.2,269,0,1,3.2926743333500346,0,
mixed,60,0.2,270,0,1,2.429324989680976,1,35.63983834421442
mixed,60,0.2,271,0,1,2.064317553657311,1,2.4893731609123453
mixed,60,0.2,272,0,1,1.9960841439437185,1,2.879486832843689
mixed,60,0.2,273,0,1,1.689298383439914,1,5.522591332955183
mixed,60,0.2,274,0,1,3.253355950892808,0,
mixed,60,0.2,275,0,1,2.3555592558344207,1,28.191640800421705
mixed,60,0.2,276,0,1,5.178037386535859,0,
mixed,60,0.2,277,0,1,2.0205647587939333,0,
mixed,60,0.2,278,0,0,,1,10.878456680778418
mixed,60,0.2,279,0,1,2.5457559773131395,1,2.5457559773131395
mixed,60,0.2,280,0,1,2.900291931973689,1,2.900291931973689
mixed,60,0.2,281,0,1,2.7461750527590643,1,3.5762114200883355
mixed,60,0.2,282,0,1,2.2490831547721695,0,
mixed,60,0.2,283,0,0,,0,
mixed,60,0.2,284,0,1,7.543407858299676,1,7.543407858299676
mixed,60,0.2,285,0,1,3.500583152435245,1,3.500583152435245
mixed,60,0.2,286,0,1,8.468523718404409,1,8.468523718404409
mixed,60,0.2,287,0,1,6.378393505332424,0,
mixed,60,0.2,288,0,0,,0,
mixed,60,0.2,289,0,1,2.70020003601587,1,2.70020003601587
mixed,60,0.2,290,0,1,1.933421864804827,1,3.9343008627816016
mixed,60,0.2,291,0,1,1.349405768374801,1,1.864179069100594
mixed,60,0.2,292,0,1,2.392418598198406,1,3.5554852536649353
mixed,60,0.2,293,0,1,1.7485007907441412,1,1.7485007907441412
mixed,60,0.2,294,0,0,,0,
mixed,60,0.2,295,0,1,2.814466581797602,1,3.3066477846309565
mixed,60,0.2,296,0,1,1.9960841439437185,1,2.9486886231216727
mixed,60,0.2,297,0,1,2.5010754636354084,1,2.5010754636354084
mixed,60,0.2,298,0,1,670.1634741272404,1,3504.1453634590853
mixed,60,0.2,299,0,1,2.824397577371839,1,2.824397577371839
